{
  "accuracy": 0.7277777777777777,
  "precision": 0.735315546983821,
  "recall": 0.7277777777777777,
  "f1_score": 0.7209614758001854,
  "test_samples": 180
}