{
  "accuracy": 0.9211111111111111,
  "precision": 0.9223754497354497,
  "recall": 0.9211111111111111,
  "f1_score": 0.9207630656233363,
  "test_samples": 900
}